t_fat_mm,elec_r_mm,elec_area_cm2,elec_shape,contact_enabled,sigma_skin,control_mode,jn_used,peak_J_skin_with_elec,peak_J_skin_no_elec,roi_mean_J,roi_mean_E,efficiency,compliance_V,exceeded_compliance,total_current_A,I_return_A,peak_J_skin_per_A,roi_mean_J_per_A,roi_mean_E_per_A,efficiency_per_A,flux_err,roi_layer,roi_n_cells,roi_radius_used_mm
3.0,5.0,0.7854,circle,True,0.001,current,63.662,142.642579,121.589202,12.552656,43.7918,0.360162,166.15,True,0.01070311,0.01099106,11360.179,1172.805,4091.5081,0.360162,0.026199,muscle,395,5.0
3.0,10.0,3.1416,circle,True,0.001,current,15.9155,47.069515,46.561616,7.314061,23.0607,0.495274,56.251,False,0.01041637,0.01056382,4470.0409,702.1696,2213.8936,0.495274,0.013958,muscle,629,5.0
3.0,15.0,7.0686,circle,True,0.001,current,7.0736,24.762932,24.762932,4.705122,14.4448,0.583324,28.693,False,0.01030354,0.01043586,2403.3422,456.651,1401.9265,0.583324,0.012679,muscle,698,5.0
5.0,5.0,0.7854,circle,True,0.001,current,63.662,144.601675,122.725455,13.743097,105.4885,0.859549,167.762,True,0.01076024,0.01099158,11405.4579,1277.2111,9803.5468,0.859549,0.021047,muscle,451,5.0
5.0,10.0,3.1416,circle,True,0.001,current,15.9155,49.650503,49.380164,8.271703,49.9283,1.011101,56.983,False,0.0104215,0.0105764,4738.298,793.7154,4790.8984,1.011101,0.014646,muscle,684,5.0
5.0,15.0,7.0686,circle,True,0.001,current,7.0736,26.333501,25.723566,5.164169,27.7128,1.077333,29.301,False,0.01030184,0.01044076,2496.987,501.286,2690.0853,1.077333,0.013305,muscle,738,5.0
8.0,5.0,0.7854,circle,True,0.001,current,63.662,140.236776,127.411533,11.561097,178.6,1.401757,170.141,True,0.01072764,0.01098258,11876.9417,1077.6926,16648.5844,1.401757,0.023213,muscle,503,5.0
8.0,10.0,3.1416,circle,True,0.001,current,15.9155,52.29295,49.187905,7.826835,108.9372,2.214716,58.114,False,0.010415,0.01058316,4722.7935,751.4962,10459.6442,2.214716,0.01589,muscle,792,5.0
8.0,15.0,7.0686,circle,True,0.001,current,7.0736,26.535985,26.15523,5.179032,64.6133,2.470377,30.007,False,0.01028754,0.01044456,2542.4172,503.4274,6280.7278,2.470377,0.015033,muscle,850,5.0
