t_fat_mm,elec_r_mm,elec_area_cm2,elec_area_mesh_cm2,return_area_mesh_cm2,elec_shape,contact_enabled,sigma_skin,control_mode,jn_used,peak_J_skin_with_elec,peak_J_skin_no_elec,roi_mean_J,roi_mean_E,efficiency,compliance_V,exceeded_compliance,total_current_A,I_return_A,peak_J_skin_per_A,roi_mean_J_per_A,roi_mean_E_per_A,efficiency_per_A,flux_err,roi_layer,roi_n_cells,roi_radius_used_mm
3.0,5.0,0.7854,0.7737,0.7737,circle,True,0.001,current,64.6218,144.793243,123.422438,12.741916,44.4521,0.360162,168.655,True,0.01086448,0.01115678,11360.179,1172.805,4091.5081,0.360162,0.026199,muscle,395,5.0
3.0,10.0,3.1416,3.1299,3.1299,circle,True,0.001,current,15.975,47.245543,46.735745,7.341414,23.147,0.495274,56.461,False,0.01045533,0.01060332,4470.0409,702.1696,2213.8936,0.495274,0.013958,muscle,629,5.0
3.0,15.0,7.0686,7.0569,7.0569,circle,True,0.001,current,7.0853,24.804031,24.804031,4.712931,14.4688,0.583324,28.74,False,0.01032064,0.01045318,2403.3422,456.651,1401.9265,0.583324,0.012679,muscle,698,5.0
5.0,5.0,0.7854,0.7737,0.7737,circle,True,0.001,current,64.6218,146.781876,124.575822,13.950306,107.079,0.859549,170.292,True,0.01092247,0.0111573,11405.4579,1277.2111,9803.5468,0.859549,0.021047,muscle,451,5.0
5.0,10.0,3.1416,3.1299,3.1299,circle,True,0.001,current,15.975,49.836184,49.564833,8.302637,50.1151,1.011101,57.196,False,0.01046047,0.01061595,4738.298,793.7154,4790.8984,1.011101,0.014646,muscle,684,5.0
5.0,15.0,7.0686,7.0569,7.0569,circle,True,0.001,current,7.0853,26.377207,25.766259,5.17274,27.7588,1.077333,29.35,False,0.01031894,0.01045809,2496.987,501.286,2690.0853,1.077333,0.013305,muscle,738,5.0
8.0,5.0,0.7854,0.7737,0.7737,circle,True,0.001,current,64.6218,142.351166,129.332553,11.735407,181.2928,1.401757,172.706,True,0.01088938,0.01114817,11876.9417,1077.6926,16648.5844,1.401757,0.023213,muscle,503,5.0
8.0,10.0,3.1416,3.1299,3.1299,circle,True,0.001,current,15.975,52.488513,49.371856,7.856105,109.3446,2.214716,58.332,False,0.01045395,0.01062274,4722.7935,751.4962,10459.6442,2.214716,0.01589,muscle,792,5.0
8.0,15.0,7.0686,7.0569,7.0569,circle,True,0.001,current,7.0853,26.580027,26.19864,5.187628,64.7205,2.470377,30.056,False,0.01030462,0.01046189,2542.4172,503.4274,6280.7278,2.470377,0.015033,muscle,850,5.0
