t_fat_mm,elec_r_mm,elec_area_cm2,elec_area_mesh_cm2,return_area_mesh_cm2,elec_shape,contact_enabled,sigma_skin,control_mode,jn_used,peak_J_skin_with_elec,peak_J_skin_no_elec,roi_mean_J,roi_mean_E,efficiency,compliance_V,exceeded_compliance,total_current_A,I_return_A,peak_J_skin_per_A,roi_mean_J_per_A,roi_mean_E_per_A,efficiency_per_A,flux_err,roi_layer,roi_n_cells,roi_radius_used_mm
3.0,5.0,0.7854,0.7737,0.7737,circle,True,0.001,current,64.6218,131.022055,107.837233,13.150171,46.5354,0.431534,145.569,True,0.01100256,0.01072431,9801.1025,1195.1917,4229.5091,0.431534,0.02529,muscle,408,5.0
3.0,10.0,3.1416,3.1299,3.1299,circle,True,0.001,current,15.975,38.203508,33.077911,7.673911,24.3172,0.735148,44.247,False,0.01051121,0.01062453,3146.916,730.0689,2313.4491,0.735148,0.010666,muscle,625,5.0
3.0,15.0,7.0686,7.0569,7.0569,circle,True,0.001,current,7.0853,17.2127,14.517959,5.147859,15.8236,1.089933,21.776,False,0.01027921,0.0104654,1412.3608,500.8028,1539.3786,1.089933,0.017791,muscle,684,5.0
5.0,5.0,0.7854,0.7737,0.7737,circle,True,0.001,current,64.6218,131.41911,105.654439,14.27749,113.7226,1.076363,146.969,True,0.01101792,0.01101055,9589.3274,1295.8426,10321.5999,1.076363,0.000669,muscle,463,5.0
5.0,10.0,3.1416,3.1299,3.1299,circle,True,0.001,current,15.975,38.40832,33.228084,8.578648,50.7319,1.526779,44.988,False,0.01053296,0.0106268,3154.6753,814.4571,4816.4916,1.526779,0.00883,muscle,719,5.0
5.0,15.0,7.0686,7.0569,7.0569,circle,True,0.001,current,7.0853,17.364544,14.525582,5.562693,27.962,1.925015,22.261,False,0.01027897,0.01046772,1413.1366,541.1725,2720.3087,1.925015,0.018032,muscle,758,5.0
8.0,5.0,0.7854,0.7737,0.7737,circle,True,0.001,current,64.6218,133.091934,127.464842,12.066583,187.9455,1.474489,148.178,True,0.01085895,0.01116315,11738.2341,1111.2113,17307.9002,1.474489,0.02725,muscle,488,5.0
8.0,10.0,3.1416,3.1299,3.1299,circle,True,0.001,current,15.975,38.590994,33.210217,8.106057,108.1438,3.256341,45.818,False,0.01050345,0.01064728,3161.8389,771.7518,10296.027,3.256341,0.013509,muscle,759,5.0
8.0,15.0,7.0686,7.0569,7.0569,circle,True,0.001,current,7.0853,18.235231,15.19637,5.573038,67.9315,4.470246,22.89,False,0.01027809,0.01049333,1478.5204,542.225,6609.3498,4.470246,0.020512,muscle,839,5.0
