pressure_label,sigma_contact_Spm,elec_r_mm,t_fat_mm,compliance_V,contact_impedance_ohm,exceeded_compliance,I_active_A,I_return_A,I_active_signed_A,I_return_signed_A,flux_err,jn_used_A_m2,peak_J_skin_with_elec,peak_J_skin_no_elec,charge_density_mC_cm2,exceeds_charge_limit,roi_mean_J,roi_mean_E,efficiency,roi_n_cells,roi_radius_used_mm,pulse_width_us,frequency_Hz
loose,0.0005,10.0,5.0,75.254,14417.6,False,0.00521958,0.00525418,-0.00521958,0.00525418,0.006584,15.975015,23.7327,22.7439,0.000475,False,8.811725,52.3661,2.302421,719,5.0,200.0,10.0
light,0.001,10.0,5.0,58.843,11254.8,False,0.00522823,0.00527469,-0.00522823,0.00527469,0.008808,15.975015,28.0567,26.1608,0.000561,False,8.778134,52.138,1.992986,719,5.0,200.0,10.0
normal,0.005,10.0,5.0,44.988,8542.4,False,0.00526648,0.0053134,-0.00526648,0.0053134,0.00883,15.975015,38.4083,33.2281,0.000768,False,8.578648,50.7319,1.526779,719,5.0,200.0,10.0
firm,0.02,10.0,5.0,41.978,7910.4,False,0.00530673,0.00532653,-0.00530673,0.00532653,0.003718,15.975015,42.9721,36.1498,0.000859,False,8.262605,48.4022,1.338933,719,5.0,200.0,10.0
tight,0.1,10.0,5.0,41.037,7694.4,False,0.00533341,0.00533057,-0.00533341,0.00533057,0.000533,15.975015,47.8679,43.5271,0.000957,False,7.993755,46.3734,1.065391,719,5.0,200.0,10.0
